{"Version":2,"SourceFileDate":132470299568423317,"Flags":["FL_BITMAP_COMPRESSION","FL_BITMAP_MIPMAP","FL_BITMAP_QUALITY_HIGH","FL_BITMAP_PRECOMPUTED_INV_AVG"],"InvAvgColor":[11.497782707214355,4.3295645713806152,2.4944372177124023]}